{
    "MAPCompassHeading": {
        "TrueHeading": 0.0, 
        "MagneticHeading": 0.0
    }, 
    "MAPLatitude": 54.56837509997222, 
    "MAPAltitude": 91.189, 
    "MAPLongitude": 23.38608659997222, 
    "MAPCaptureTime": "2021_01_13_16_11_16_000"
}