{
    "MAPCompassHeading": {
        "TrueHeading": 0.0, 
        "MagneticHeading": 0.0
    }, 
    "MAPLatitude": 54.56794349997222, 
    "MAPAltitude": 91.911, 
    "MAPLongitude": 23.38566799997222, 
    "MAPCaptureTime": "2021_01_13_16_11_56_000"
}