{
    "MAPCompassHeading": {
        "TrueHeading": 0.0, 
        "MagneticHeading": 0.0
    }, 
    "MAPLatitude": 54.56851249997223, 
    "MAPAltitude": 90.815, 
    "MAPLongitude": 23.38623679997222, 
    "MAPCaptureTime": "2021_01_13_16_11_04_000"
}