{
    "MAPCompassHeading": {
        "TrueHeading": 0.0, 
        "MagneticHeading": 0.0
    }, 
    "MAPLatitude": 54.56834959997222, 
    "MAPAltitude": 91.333, 
    "MAPLongitude": 23.38606419997222, 
    "MAPCaptureTime": "2021_01_13_16_11_18_000"
}