{
    "MAPCompassHeading": {
        "TrueHeading": 0.0, 
        "MagneticHeading": 0.0
    }, 
    "MAPLatitude": 54.56813669997223, 
    "MAPAltitude": 91.575, 
    "MAPLongitude": 23.3856712, 
    "MAPCaptureTime": "2021_01_13_16_11_40_000"
}