{
    "MAPCompassHeading": {
        "TrueHeading": 0.0, 
        "MagneticHeading": 0.0
    }, 
    "MAPLatitude": 54.5681536, 
    "MAPAltitude": 91.685, 
    "MAPLongitude": 23.38570809997222, 
    "MAPCaptureTime": "2021_01_13_16_11_38_000"
}