{
    "MAPCompassHeading": {
        "TrueHeading": 0.0, 
        "MagneticHeading": 0.0
    }, 
    "MAPLatitude": 54.5686041, 
    "MAPAltitude": 91.811, 
    "MAPLongitude": 23.38647819997222, 
    "MAPCaptureTime": "2021_01_13_16_10_52_000"
}