{
    "MAPCompassHeading": {
        "TrueHeading": 0.0, 
        "MagneticHeading": 0.0
    }, 
    "MAPLatitude": 54.5685925, 
    "MAPAltitude": 91.953, 
    "MAPLongitude": 23.38643809997222, 
    "MAPCaptureTime": "2021_01_13_16_10_54_000"
}