{
    "MAPCompassHeading": {
        "TrueHeading": 0.0, 
        "MagneticHeading": 0.0
    }, 
    "MAPLatitude": 54.568239699972224, 
    "MAPAltitude": 91.624, 
    "MAPLongitude": 23.3859037, 
    "MAPCaptureTime": "2021_01_13_16_11_28_000"
}