{
    "MAPCompassHeading": {
        "TrueHeading": 0.0, 
        "MagneticHeading": 0.0
    }, 
    "MAPLatitude": 54.56828029997222, 
    "MAPAltitude": 91.614, 
    "MAPLongitude": 23.38597359997222, 
    "MAPCaptureTime": "2021_01_13_16_11_24_000"
}