{
    "MAPCompassHeading": {
        "TrueHeading": 0.0, 
        "MagneticHeading": 0.0
    }, 
    "MAPLatitude": 54.5687143, 
    "MAPAltitude": 87.44, 
    "MAPLongitude": 23.38667279997222, 
    "MAPCaptureTime": "2021_01_13_16_10_40_000"
}