{
    "MAPCompassHeading": {
        "TrueHeading": 0.0, 
        "MagneticHeading": 0.0
    }, 
    "MAPLatitude": 54.568648, 
    "MAPAltitude": 91.562, 
    "MAPLongitude": 23.38660619997222, 
    "MAPCaptureTime": "2021_01_13_16_10_46_000"
}