{
    "MAPCompassHeading": {
        "TrueHeading": 0.0, 
        "MagneticHeading": 0.0
    }, 
    "MAPLatitude": 54.568448199972224, 
    "MAPAltitude": 91.264, 
    "MAPLongitude": 23.3861509, 
    "MAPCaptureTime": "2021_01_13_16_11_10_000"
}