{
    "MAPCompassHeading": {
        "TrueHeading": 0.0, 
        "MagneticHeading": 0.0
    }, 
    "MAPLatitude": 54.56818659997223, 
    "MAPAltitude": 91.652, 
    "MAPLongitude": 23.385792899972223, 
    "MAPCaptureTime": "2021_01_13_16_11_34_000"
}