{
    "MAPCompassHeading": {
        "TrueHeading": 0.0, 
        "MagneticHeading": 0.0
    }, 
    "MAPLatitude": 54.5684248, 
    "MAPAltitude": 91.049, 
    "MAPLongitude": 23.386129399999998, 
    "MAPCaptureTime": "2021_01_13_16_11_12_000"
}