{
    "MAPCompassHeading": {
        "TrueHeading": 0.0, 
        "MagneticHeading": 0.0
    }, 
    "MAPLatitude": 54.568618, 
    "MAPAltitude": 91.558, 
    "MAPLongitude": 23.386523099999998, 
    "MAPCaptureTime": "2021_01_13_16_10_50_000"
}