{
    "MAPCompassHeading": {
        "TrueHeading": 0.0, 
        "MagneticHeading": 0.0
    }, 
    "MAPLatitude": 54.568549799972224, 
    "MAPAltitude": 91.333, 
    "MAPLongitude": 23.38631039997222, 
    "MAPCaptureTime": "2021_01_13_16_11_00_000"
}