{
    "MAPCompassHeading": {
        "TrueHeading": 0.0, 
        "MagneticHeading": 0.0
    }, 
    "MAPLatitude": 54.568120499972224, 
    "MAPAltitude": 91.368, 
    "MAPLongitude": 23.38563239997222, 
    "MAPCaptureTime": "2021_01_13_16_11_42_000"
}