{
    "MAPCompassHeading": {
        "TrueHeading": 0.0, 
        "MagneticHeading": 0.0
    }, 
    "MAPLatitude": 54.568743099972224, 
    "MAPAltitude": 86.404, 
    "MAPLongitude": 23.3867024, 
    "MAPCaptureTime": "2021_01_13_16_10_38_000"
}