{
    "MAPCompassHeading": {
        "TrueHeading": 0.0, 
        "MagneticHeading": 0.0
    }, 
    "MAPLatitude": 54.568567, 
    "MAPAltitude": 91.549, 
    "MAPLongitude": 23.38635199997222, 
    "MAPCaptureTime": "2021_01_13_16_10_58_000"
}