{
    "MAPCompassHeading": {
        "TrueHeading": 0.0, 
        "MagneticHeading": 0.0
    }, 
    "MAPLatitude": 54.568260399972225, 
    "MAPAltitude": 91.589, 
    "MAPLongitude": 23.3859381, 
    "MAPCaptureTime": "2021_01_13_16_11_26_000"
}