{
    "MAPCompassHeading": {
        "TrueHeading": 0.0, 
        "MagneticHeading": 0.0
    }, 
    "MAPLatitude": 54.568532199972225, 
    "MAPAltitude": 91.14, 
    "MAPLongitude": 23.38627119997222, 
    "MAPCaptureTime": "2021_01_13_16_11_02_000"
}