{
    "MAPCompassHeading": {
        "TrueHeading": 0.0, 
        "MagneticHeading": 0.0
    }, 
    "MAPLatitude": 54.5681013, 
    "MAPAltitude": 91.612, 
    "MAPLongitude": 23.38560449997222, 
    "MAPCaptureTime": "2021_01_13_16_11_44_000"
}