{
    "MAPCompassHeading": {
        "TrueHeading": 0.0, 
        "MagneticHeading": 0.0
    }, 
    "MAPLatitude": 54.5686649, 
    "MAPAltitude": 91.568, 
    "MAPLongitude": 23.38664759997222, 
    "MAPCaptureTime": "2021_01_13_16_10_44_000"
}