{
    "MAPCompassHeading": {
        "TrueHeading": 0.0, 
        "MagneticHeading": 0.0
    }, 
    "MAPLatitude": 54.56807529997223, 
    "MAPAltitude": 91.687, 
    "MAPLongitude": 23.38559629997222, 
    "MAPCaptureTime": "2021_01_13_16_11_46_000"
}