{
    "MAPCompassHeading": {
        "TrueHeading": 0.0, 
        "MagneticHeading": 0.0
    }, 
    "MAPLatitude": 54.56817079997222, 
    "MAPAltitude": 91.58, 
    "MAPLongitude": 23.38574889997222, 
    "MAPCaptureTime": "2021_01_13_16_11_36_000"
}