{
    "MAPCompassHeading": {
        "TrueHeading": 0.0, 
        "MagneticHeading": 0.0
    }, 
    "MAPLatitude": 54.56857999997222, 
    "MAPAltitude": 92.046, 
    "MAPLongitude": 23.386394499999998, 
    "MAPCaptureTime": "2021_01_13_16_10_56_000"
}