{
    "MAPCompassHeading": {
        "TrueHeading": 0.0, 
        "MagneticHeading": 0.0
    }, 
    "MAPLatitude": 54.5682017, 
    "MAPAltitude": 91.754, 
    "MAPLongitude": 23.385831199972223, 
    "MAPCaptureTime": "2021_01_13_16_11_32_000"
}