{
    "MAPCompassHeading": {
        "TrueHeading": 0.0, 
        "MagneticHeading": 0.0
    }, 
    "MAPLatitude": 54.568471, 
    "MAPAltitude": 91.155, 
    "MAPLongitude": 23.38617719997222, 
    "MAPCaptureTime": "2021_01_13_16_11_08_000"
}