{
    "MAPCompassHeading": {
        "TrueHeading": 0.0, 
        "MagneticHeading": 0.0
    }, 
    "MAPLatitude": 54.568686599972224, 
    "MAPAltitude": 91.18, 
    "MAPLongitude": 23.386679399972223, 
    "MAPCaptureTime": "2021_01_13_16_10_42_000"
}