{
    "MAPCompassHeading": {
        "TrueHeading": 0.0, 
        "MagneticHeading": 0.0
    }, 
    "MAPLatitude": 54.567994099972225, 
    "MAPAltitude": 91.787, 
    "MAPLongitude": 23.38562299997222, 
    "MAPCaptureTime": "2021_01_13_16_11_52_000"
}