{
    "MAPCompassHeading": {
        "TrueHeading": 0.0, 
        "MagneticHeading": 0.0
    }, 
    "MAPLatitude": 54.5679692, 
    "MAPAltitude": 91.77, 
    "MAPLongitude": 23.38564429997222, 
    "MAPCaptureTime": "2021_01_13_16_11_54_000"
}